SYMBOL,NAME
RVNC,REVANCE THERAPEUTICS INC
RXN,REXNORD CORPORATION COMMON STOCK
RY,ROYAL BANK OF CANADA COMMON STOCK
RYN,RAYONIER INC. REIT COMMON STOCK
SAMG,SILVERCREST ASSET MGMT GROUP INC
SAN,"BANCO SANTANDER, S.A. SPONSORED ADR (SPAIN)"
SAND,SANDSTORM GOLD LIMITED
SANM,SANMINA CORP
SANW,S&W SEED COMPANY
SAR,SARATOGA INVESTMENT CORP
SASR,SANDY SPRING BANCORP INC
SATS,ECHOSTAR CORPORATION
SAVE,"SPIRIT AIRLINES, INC. COMMON STOCK"
SBH,"SALLY BEAUTY HOLDINGS, INC. (NAME TO BE CHANGED FROM SALLY HOLDINGS, INC.) COMMON STOCK"
SBRA,"SABRA HEALTH CARE REIT, INC. COMMON STOCK"
SC,SANTANDER CONSUMER USA HOLDINGS INC. COMMON STOCK
SCS,STEELCASE INC. COMMON STOCK
SCVL,SHOE CARNIVAL INC
SCWX,SECUREWORKS CORP
SCWX,SECUREWORKS CORP. CLASS A COMMON STOCK
SCX,STARRETT(L.S.)CO
SCYX,SCYNEXIS INC
SD,SANDRIDGE ENERGY INC
SDC,SMILEDIRECTCLUB INC
SDI,STANDARD DIVERSIFIED INC
SDPI,SUPERIOR DRILLING PRODUCTS INC
SDR,SANDRIDGE MISSISSIPPIAN TR II
SDRL,SEADRILL LTD
SEMG,SEMGROUP CORPORATION CLASS A COMMON STOCK
SF,STIFEL FINANCIAL CORPORATION COMMON STOCK
SGBX,SG BLOCKS INC
SGC,SUPERIOR GROUP OF COMPANIES INC
SGEN,SEATTLE GENETICS INC
SGG,BARCLAYS BANK PLC/BARCLAYS US CCP IPATH SER B BLMBRG SUGAR SUBINDX TR ETN
SGH,SMART GLOBAL HOLDINGS INC
SGLB,SIGMA LABS INC
SGMA,SIGMATRON INTERNATIONAL INC
SGMO,SANGAMO THERAPEUTICS INC
SGMS,SCIENTIFIC GAMES CORP
SGOC,SGOCO GROUP LTD
SIG,SIGNET JEWELERS LIMITED COMMON SHARES
SIGI,"SELECTIVE INSURANCE GROUP, INC. COMMON STOCK"
SITC,SITE CENTERS CORP. COMMON STOCK
SLAB,"SILICON LABORATORIES, INC. COMMON STOCK"
SNH,SENIOR HOUSING PROPERTIES TRUST COMMON STOCK
SPNS,SAPIENS INTERNATIONAL CORPORATION N.V. COMMON SHARES (CAYMAN ISLANDS)
SPXC,SPX CORP
SPXX,NUVEEN S&P 500 DYNAMIC OVERWRITE FD
SQ,SQUARE INC
SQBG,SEQUENTIAL BRNDS GROUP INC NEW
SQM,SOCIEDAD QUIMICA Y MINERA S.A. COMMON STOCK
SR,SPIRE INC
SRAX,SRAX INC
SRC,SPIRIT REALTY CAPITAL INC
SRCE,FIRST SOURCE CORP
SSB,SOUTH STATE CORPORATION COMMON STOCK
SSW,SEASPAN CORPORATION SEASPAN CORPORATION COMMON SHARES
SSYS,"STRATASYS, LTD. ORDINARY SHARES (ISRAEL)"
STC,STEWART INFORMATION SERVICES CORPORATION COMMON STOCK
SWX,"SOUTHWEST GAS HOLDINGS, INC. COMMON STOCK (DE)"
SXT,SENSIENT TECHNOLOGIES CORPORATION COMMON STOCK
SYBT,"STOCK YARDS BANCORP, INC. COMMON STOCK"
SYKE,"SYKES ENTERPRISES, INCORPORATED COMMON STOCK"
SYMC,SYMANTEC CORPORATION COMMON STOCK
SYNA,SYNAPTICS INCORPORATED COMMON STOCK $0.001 PAR VALUE
SYNL,SYNALLOY CORP
SYPR,SYPRIS SOLUTIONS INC
SYRS,SYROS PHARMACEUTICALS INC
SYX,SYSTEMAX INC
SYY,SYSCO CORP
SZC,CUSHING RENAISSANCE FD
TA,TRAVELCENTERS OF AMERICA INC
TAC,TRANSALTA CORP MTN
TACO,DEL TACO RESTAURANTS INC NEW
TBI,"TRUEBLUE, INC. COMMON STOCK"
TCO,"TAUBMAN CENTERS, INC. COMMON STOCK"
TECH,BIO-TECHNE CORP COMMON STOCK
TEO,TELECOM ARGENTINA SA
TERP,"TERRAFORM POWER, INC. CLASS A COMMON STOCK NEW"
TEVA,TEVA PHARMACEUTICAL INDUSTRIES LIMITED AMERICAN DEPOSITARY SHARES
TEX,TEREX CORPORATION COMMON STOCK
TGA,TRANSGLOBE ENERGY CORP
TGB,TASEKO MINES
TGC,TENGASCO
TGE,TALLGRASS ENERGY LP
TGE,"TALLGRASS ENERGY, LP CLASS A SHARES"
TGEN,TECOGEN INC
TGH,TEXTAINER GROUP HLDGS LTD
TGI,TRIUMPH GROUP INC
TGI,"TRIUMPH GROUP, INC. COMMON STOCK"
TGLS,TECNOGLASS INC
TGNA,TEGNA INC
TGP,TEEKAY LNG PARTNERS LP
THR,"THERMON GROUP HOLDINGS, INC. COMMON STOCK"
TKR,TIMKEN COMPANY (THE) COMMON STOCK
TLRY,"TILRAY, INC. CLASS 2 COMMON STOCK"
TOL,"TOLL BROTHERS, INC. COMMON STOCK"
TPR,"TAPESTRY, INC. COMMON STOCK"
TPR,TAPESTRY INC
TPRE,THIRD POINT REINSURANCE LTD
TPTX,TURNING POINT THERAPEUTICS INC
TPVG,TRIPLEPOINT VENTURE GROWTH BDC CORP
TPX,TEMPUR SEALY INTERNATIONAL INC
TPX,"TEMPUR SEALY INTERNATIONAL, INC. COMMON STOCK"
TPZ,TORTOISE PWR & ENERGY INFR FD INC
TR,TOOTSIE ROLL INDUSTRIES INC
TRC,TEJON RANCH CO
TRCB,TWO RIVER BANCORP
TRIP,"TRIPADVISOR, INC. COMMON STOCK"
TRMK,TRUSTMARK CORPORATION COMMON STOCK
TRTN,TRITON INTERNATIONAL LIMITED COMMON SHARES
TSG,THE STARS GROUP INC. COMMON STOCK
TTC,TORO COMPANY (THE) COMMON STOCK
TTD,"THE TRADE DESK, INC. CLASS A COMMON STOCK"
TXRH,"TEXAS ROADHOUSE, INC. COMMON STOCK"
UBA,URSTADT BIDDLE PROPERTIES INC. COMMON STOCK
UCBI,"UNITED COMMUNITY BANKS, INC. COMMON STOCK"
UFS,DOMTAR CORPORATION (NEW) COMMON STOCK
UI,UBIQUITI INC. COMMON STOCK
UMC,UNITED MICROELECTRONICS CORPORATION (NEW) COMMON STOCK
UN,UNILEVER NV COMMON STOCK
USB,U.S. BANCORP COMMON STOCK
USB,U.S. BANCORP COMMON STOCK
UTL,UNITIL CORPORATION COMMON STOCK
UXIN,UXIN LIMITED ADS
VC,VISTEON CORPORATION COMMON STOCK
VCTR,VICTORY CAPITAL HOLDINGS INC
VCV,INVESCO CALIFORNIA VALUE MUNIC INC
VCYT,VERACYTE INC
VEC,VECTRUS INC
VECO,VEECO INSTRUMENTS INC
VEEV,VEEVA SYSTEMS INC
VER,VEREIT INC
VERB,VERB TECHNOLOGY COMPANY INC
VGM,INVESCO VAN KAMPEN TR INVT GRADE MU
VGR,VECTOR GROUP
VGZ,VISTA GOLD CORP
VHC,VIRNETX HOLDING CORP
VHI,VALHI INC
VIA,VIACOM INC
VIAB,VIACOM INC
VIAV,VIAVI SOLUTIONS INC
VICI,VICI PROPERTIES INC
VICR,VICOR CORP
VLT,INVESCO HIGH INCOME TRUST II
VLY,VALLEY NATIONAL BANCORP
VMC,VULCAN MATERIALS CO
VMD,VIEMED HEALTHCARE INC
VMI,VALMONT INDUSTRIES INC
VMM,DELAWARE INVTS MINN MUN INC FD II
VMO,INVESCO MUNICIPAL OPPORTUNITY TR
VMW,VMWARE INC
VOYA,"VOYA FINANCIAL, INC. COMMON STOCK"
VTR,VENTAS INC
VTSI,VIRTRA INC
VTUS,VIRGIN TRAINS USA INC
VTVT,VTV THERAPEUTICS INC
VUZI,VUZIX CORP
VVI,VIAD CORP
VVPR,VIVOPOWER INTERNATIONAL PLC
VVR,INVESCO VAN KAMPEN SENIOR INCOME TR
VVUS,VIVUS INC
VVV,VALVOLINE INC
WAIR,WESCO AIRCRAFT HOLDINGS INC
WAIR,"WESCO AIRCRAFT HOLDINGS, INC. COMMON STOCK"
WAL,WESTERN ALLIANCE BANCORP
WASH,WASHINGTON TRUST BANCORP INC
WAT,WATERS CORP
WATT,ENERGOUS CORP
WBA,WALGREENS BOOTS ALLIANCE INC
WBC,WABCO HOLDINGS INC
WBS,WEBSTER FINANCIAL CORPORATION COMMON STOCK
WCC,"WESCO INTERNATIONAL, INC. COMMON STOCK"
WDR,"WADDELL & REED FINANCIAL, INC. COMMON STOCK"
WETF,"WISDOMTREE INVESTMENTS, INC. COMMON STOCK"
WEX,WEX INC. COMMON STOCK
WLK,WESTLAKE CHEMICAL CORPORATION COMMON STOCK
WMS,"ADVANCED DRAINAGE SYSTEMS, INC. COMMON STOCK"
WNC,WABASH NATIONAL CORPORATION COMMON STOCK
WPG,WASHINGTON PRIME GROUP INC. COMMON STOCK
WRB,W.R. BERKLEY CORPORATION COMMON STOCK
WRI,WEINGARTEN REALTY INVESTORS COMMON STOCK
WRLD,WORLD ACCEPTANCE CORPORATION COMMON STOCK
WSFS,WSFS FINANCIAL CORPORATION COMMON STOCK
WSM,"WILLIAMS-SONOMA, INC. COMMON STOCK (DE)"
XENT,"INTERSECT ENT, INC. COMMON STOCK"
XHR,"XENIA HOTELS & RESORTS, INC. COMMON STOCK"
XRX,XEROX HOLDINGS CORPORATION COMMON STOCK
XRX,XEROX HOLDINGS CORPORATION COMMON STOCK
YELP,YELP INC. COMMON STOCK
YJ,YUNJI INC. AMERICAN DEPOSITORY SHARES
ZAYO,"ZAYO GROUP HOLDINGS, INC. COMMON STOCK"
